{
  "africa": 1,
  "africa/algeria": 2,
  "africa/angola": 3,
  "africa/benin": 4,
  "africa/botswana": 5,
  "africa/burkina-faso": 6,
  "africa/burundi": 7,
  "africa/cameroon": 8,
  "africa/canary-islands": 9,
  "africa/cape-verde": 10,
  "africa/central-african-republic": 11,
  "africa/chad": 12,
  "africa/comores": 13,
  "africa/congo-brazzaville": 14,
  "africa/congo-democratic-republic": 15,
  "africa/djibouti": 16,
  "africa/egypt": 17,
  "africa/equatorial-guinea": 18,
  "africa/eritrea": 19,
  "africa/ethiopia": 20,
  "africa/gabon": 21,
  "africa/ghana": 22,
  "africa/guinea": 23,
  "africa/guinea-bissau": 24,
  "africa/ivory-coast": 25,
  "africa/kenya": 26,
  "africa/lesotho": 27,
  "africa/liberia": 28,
  "africa/libya": 29,
  "africa/madagascar": 30,
  "africa/malawi": 31,
  "africa/mali": 32,
  "africa/mauritania": 33,
  "africa/mauritius": 34,
  "africa/morocco": 35,
  "africa/mozambique": 36,
  "africa/namibia": 37,
  "africa/niger": 38,
  "africa/nigeria": 39,
  "africa/rwanda": 40,
  "africa/saint-helena-ascension-and-tristan-da-cunha": 41,
  "africa/sao-tome-and-principe": 42,
  "africa/senegal-and-gambia": 43,
  "africa/seychelles": 44,
  "africa/sierra-leone": 45,
  "africa/somalia": 46,
  "africa/south-africa": 47,
  "africa/south-africa-and-lesotho": 48,
  "africa/south-sudan": 49,
  "africa/sudan": 50,
  "africa/swaziland": 51,
  "africa/tanzania": 52,
  "africa/togo": 53,
  "africa/tunisia": 54,
  "africa/uganda": 55,
  "africa/zambia": 56,
  "africa/zimbabwe": 57,
  "asia": 58,
  "asia/afghanistan": 59,
  "asia/azerbaijan": 60,
  "asia/bangladesh": 61,
  "asia/cambodia": 62,
  "asia/china": 63,
  "asia/gcc-states": 64,
  "asia/india": 65,
  "asia/indonesia": 66,
  "asia/iran": 67,
  "asia/iraq": 68,
  "asia/israel-and-palestine": 69,
  "asia/japan": 70,
  "asia/jordan": 71,
  "asia/kazakhstan": 72,
  "asia/kyrgyzstan": 73,
  "asia/lebanon": 74,
  "asia/malaysia-singapore-brunei": 75,
  "asia/maldives": 76,
  "asia/mongolia": 77,
  "asia/myanmar": 78,
  "asia/nepal": 79,
  "asia/north-korea": 80,
  "asia/pakistan": 81,
  "asia/philippines": 82,
  "asia/south-korea": 83,
  "asia/sri-lanka": 84,
  "asia/syria": 85,
  "asia/taiwan": 86,
  "asia/tajikistan": 87,
  "asia/thailand": 88,
  "asia/turkmenistan": 89,
  "asia/uzbekistan": 90,
  "asia/vietnam": 91,
  "asia/yemen": 92,
  "australia": 93,
  "australia-oceania": 94,
  "australia-oceania/fiji": 95,
  "australia-oceania/new-caledonia": 96,
  "australia-oceania/new-zealand": 97,
  "central-america": 98,
  "central-america/belize": 99,
  "central-america/costa-rica": 100,
  "central-america/cuba": 101,
  "central-america/guatemala": 102,
  "central-america/haiti-and-domrep": 103,
  "central-america/nicaragua": 104,
  "central-america/panama": 105,
  "europe": 106,
  "europe/albania": 107,
  "europe/andorra": 108,
  "europe/austria": 109,
  "europe/azores": 110,
  "europe/belarus": 111,
  "europe/belgium": 112,
  "europe/bosnia-herzegovina": 113,
  "europe/bulgaria": 114,
  "europe/croatia": 115,
  "europe/cyprus": 116,
  "europe/czech-republic": 117,
  "europe/denmark": 118,
  "europe/estonia": 119,
  "europe/estonia/tallinn": 120,
  "europe/faroe-islands": 121,
  "europe/finland": 122,
  "europe/france": 123,
  "europe/france/alsace": 124,
  "europe/france/aquitaine": 125,
  "europe/france/auvergne": 126,
  "europe/france/basse-normandie": 127,
  "europe/france/bourgogne": 128,
  "europe/france/bretagne": 129,
  "europe/france/centre": 130,
  "europe/france/champagne-ardenne": 131,
  "europe/france/corse": 132,
  "europe/france/franche-comte": 133,
  "europe/france/guadeloupe": 134,
  "europe/france/guyane": 135,
  "europe/france/haute-normandie": 136,
  "europe/france/ile-de-france": 137,
  "europe/france/languedoc-roussillon": 138,
  "europe/france/limousin": 139,
  "europe/france/lorraine": 140,
  "europe/france/martinique": 141,
  "europe/france/mayotte": 142,
  "europe/france/midi-pyrenees": 143,
  "europe/france/nord-pas-de-calais": 144,
  "europe/france/pays-de-la-loire": 145,
  "europe/france/picardie": 146,
  "europe/france/poitou-charentes": 147,
  "europe/france/provence-alpes-cote-d-azur": 148,
  "europe/france/reunion": 149,
  "europe/france/rhone-alpes": 150,
  "europe/georgia": 151,
  "europe/germany": 152,
  "europe/germany/baden-wuerttemberg": 153,
  "europe/germany/baden-wuerttemberg/freiburg-regbez": 154,
  "europe/germany/baden-wuerttemberg/karlsruhe-regbez": 155,
  "europe/germany/baden-wuerttemberg/stuttgart-regbez": 156,
  "europe/germany/baden-wuerttemberg/tuebingen-regbez": 157,
  "europe/germany/bayern": 158,
  "europe/germany/bayern/mittelfranken": 159,
  "europe/germany/bayern/niederbayern": 160,
  "europe/germany/bayern/oberbayern": 161,
  "europe/germany/bayern/oberfranken": 162,
  "europe/germany/bayern/oberpfalz": 163,
  "europe/germany/bayern/schwaben": 164,
  "europe/germany/bayern/unterfranken": 165,
  "europe/germany/berlin": 166,
  "europe/germany/brandenburg": 167,
  "europe/germany/bremen": 168,
  "europe/germany/hamburg": 169,
  "europe/germany/hessen": 170,
  "europe/germany/mecklenburg-vorpommern": 171,
  "europe/germany/niedersachsen": 172,
  "europe/germany/nordrhein-westfalen": 173,
  "europe/germany/nordrhein-westfalen/arnsberg-regbez": 174,
  "europe/germany/nordrhein-westfalen/detmold-regbez": 175,
  "europe/germany/nordrhein-westfalen/duesseldorf-regbez": 176,
  "europe/germany/nordrhein-westfalen/koeln-regbez": 177,
  "europe/germany/nordrhein-westfalen/muenster-regbez": 178,
  "europe/germany/rheinland-pfalz": 179,
  "europe/germany/saarland": 180,
  "europe/germany/sachsen": 181,
  "europe/germany/sachsen-anhalt": 182,
  "europe/germany/schleswig-holstein": 183,
  "europe/germany/thueringen": 184,
  "europe/great-britain": 185,
  "europe/great-britain/england": 186,
  "europe/great-britain/england/berkshire": 187,
  "europe/great-britain/england/buckinghamshire": 188,
  "europe/great-britain/england/cambridgeshire": 189,
  "europe/great-britain/england/cheshire": 190,
  "europe/great-britain/england/cornwall": 191,
  "europe/great-britain/england/cumbria": 192,
  "europe/great-britain/england/derbyshire": 193,
  "europe/great-britain/england/devon": 194,
  "europe/great-britain/england/dorset": 195,
  "europe/great-britain/england/east-sussex": 196,
  "europe/great-britain/england/east-yorkshire-with-hull": 197,
  "europe/great-britain/england/essex": 198,
  "europe/great-britain/england/gloucestershire": 199,
  "europe/great-britain/england/greater-london": 200,
  "europe/great-britain/england/greater-manchester": 201,
  "europe/great-britain/england/hampshire": 202,
  "europe/great-britain/england/herefordshire": 203,
  "europe/great-britain/england/hertfordshire": 204,
  "europe/great-britain/england/isle-of-wight": 205,
  "europe/great-britain/england/kent": 206,
  "europe/great-britain/england/lancashire": 207,
  "europe/great-britain/england/norfolk": 208,
  "europe/great-britain/england/north-yorkshire": 209,
  "europe/great-britain/england/nottinghamshire": 210,
  "europe/great-britain/england/oxfordshire": 211,
  "europe/great-britain/england/shropshire": 212,
  "europe/great-britain/england/somerset": 213,
  "europe/great-britain/england/south-yorkshire": 214,
  "europe/great-britain/england/staffordshire": 215,
  "europe/great-britain/england/suffolk": 216,
  "europe/great-britain/england/surrey": 217,
  "europe/great-britain/england/west-midlands": 218,
  "europe/great-britain/england/west-sussex": 219,
  "europe/great-britain/england/west-yorkshire": 220,
  "europe/great-britain/england/wiltshire": 221,
  "europe/great-britain/england/worcestershire": 222,
  "europe/great-britain/scotland": 223,
  "europe/great-britain/wales": 224,
  "europe/greece": 225,
  "europe/hungary": 226,
  "europe/iceland": 227,
  "europe/ireland-and-northern-ireland": 228,
  "europe/isle-of-man": 229,
  "europe/italy": 230,
  "europe/italy/centro": 231,
  "europe/italy/isole": 232,
  "europe/italy/nord-est": 233,
  "europe/italy/nord-ovest": 234,
  "europe/italy/sud": 235,
  "europe/kosovo": 236,
  "europe/latvia": 237,
  "europe/liechtenstein": 238,
  "europe/lithuania": 239,
  "europe/luxembourg": 240,
  "europe/macedonia": 241,
  "europe/malta": 242,
  "europe/moldova": 243,
  "europe/monaco": 244,
  "europe/montenegro": 245,
  "europe/netherlands": 246,
  "europe/norway": 247,
  "europe/poland": 248,
  "europe/poland/dolnoslaskie": 249,
  "europe/poland/kujawsko-pomorskie": 250,
  "europe/poland/lodzkie": 251,
  "europe/poland/lubelskie": 252,
  "europe/poland/lubuskie": 253,
  "europe/poland/malopolskie": 254,
  "europe/poland/mazowieckie": 255,
  "europe/poland/opolskie": 256,
  "europe/poland/podkarpackie": 257,
  "europe/poland/podlaskie": 258,
  "europe/poland/pomorskie": 259,
  "europe/poland/slaskie": 260,
  "europe/poland/swietokrzyskie": 261,
  "europe/poland/warminsko-mazurskie": 262,
  "europe/poland/wielkopolskie": 263,
  "europe/poland/zachodniopomorskie": 264,
  "europe/portugal": 265,
  "europe/romania": 266,
  "europe/serbia": 267,
  "europe/slovakia": 268,
  "europe/slovenia": 269,
  "europe/spain": 270,
  "europe/spain/barcelona": 271,
  "europe/sweden": 272,
  "europe/switzerland": 273,
  "europe/turkey": 274,
  "europe/ukraine": 275,
  "north-america": 276,
  "north-america/canada": 277,
  "north-america/canada/alberta": 278,
  "north-america/canada/british-columbia": 279,
  "north-america/canada/manitoba": 280,
  "north-america/canada/new-brunswick": 281,
  "north-america/canada/newfoundland-and-labrador": 282,
  "north-america/canada/northwest-territories": 283,
  "north-america/canada/nova-scotia": 284,
  "north-america/canada/nunavut": 285,
  "north-america/canada/ontario": 286,
  "north-america/canada/prince-edward-island": 287,
  "north-america/canada/quebec": 288,
  "north-america/canada/saskatchewan": 289,
  "north-america/canada/yukon": 290,
  "north-america/greenland": 291,
  "north-america/mexico": 292,
  "north-america/us": 293,
  "north-america/us/alabama": 294,
  "north-america/us/alaska": 295,
  "north-america/us/arizona": 296,
  "north-america/us/arkansas": 297,
  "north-america/us/california": 298,
  "north-america/us/colorado": 299,
  "north-america/us/connecticut": 300,
  "north-america/us/delaware": 301,
  "north-america/us/district-of-columbia": 302,
  "north-america/us/florida": 303,
  "north-america/us/georgia": 304,
  "north-america/us/hawaii": 305,
  "north-america/us/idaho": 306,
  "north-america/us/illinois": 307,
  "north-america/us/indiana": 308,
  "north-america/us/iowa": 309,
  "north-america/us/kansas": 310,
  "north-america/us/kentucky": 311,
  "north-america/us/louisiana": 312,
  "north-america/us/maine": 313,
  "north-america/us/maryland": 314,
  "north-america/us/massachusetts": 315,
  "north-america/us/michigan": 316,
  "north-america/us/minnesota": 317,
  "north-america/us/mississippi": 318,
  "north-america/us/missouri": 319,
  "north-america/us/montana": 320,
  "north-america/us/nebraska": 321,
  "north-america/us/nevada": 322,
  "north-america/us/new-hampshire": 323,
  "north-america/us/new-jersey": 324,
  "north-america/us/new-mexico": 325,
  "north-america/us/new-york": 326,
  "north-america/us/north-carolina": 327,
  "north-america/us/north-dakota": 328,
  "north-america/us/ohio": 329,
  "north-america/us/oklahoma": 330,
  "north-america/us/oregon": 331,
  "north-america/us/pennsylvania": 332,
  "north-america/us/region": 333,
  "north-america/us/region/midwest": 334,
  "north-america/us/region/northeast": 335,
  "north-america/us/region/pacific": 336,
  "north-america/us/region/south": 337,
  "north-america/us/region/west": 338,
  "north-america/us/rhode-island": 339,
  "north-america/us/south-carolina": 340,
  "north-america/us/south-dakota": 341,
  "north-america/us/tennessee": 342,
  "north-america/us/texas": 343,
  "north-america/us/utah": 344,
  "north-america/us/vermont": 345,
  "north-america/us/virginia": 346,
  "north-america/us/washington": 347,
  "north-america/us/west-virginia": 348,
  "north-america/us/wisconsin": 349,
  "north-america/us/wyoming": 350,
  "russia": 351,
  "russia/central-fed-district": 352,
  "russia/central-fed-district/belgorod": 353,
  "russia/central-fed-district/bryansk": 354,
  "russia/central-fed-district/ivanovo": 355,
  "russia/central-fed-district/kaluga": 356,
  "russia/central-fed-district/kostroma": 357,
  "russia/central-fed-district/kursk": 358,
  "russia/central-fed-district/lipetsk": 359,
  "russia/central-fed-district/moscow": 360,
  "russia/central-fed-district/moscow-city": 361,
  "russia/central-fed-district/oryol": 362,
  "russia/central-fed-district/ryazan": 363,
  "russia/central-fed-district/smolensk": 364,
  "russia/central-fed-district/tambov": 365,
  "russia/central-fed-district/tula": 366,
  "russia/central-fed-district/tver": 367,
  "russia/central-fed-district/vladimir": 368,
  "russia/central-fed-district/voronezh": 369,
  "russia/central-fed-district/yaroslavl": 370,
  "russia/far-eastern-fed-district": 371,
  "russia/far-eastern-fed-district/amur": 372,
  "russia/far-eastern-fed-district/chukotka": 373,
  "russia/far-eastern-fed-district/jewish": 374,
  "russia/far-eastern-fed-district/kamchatka": 375,
  "russia/far-eastern-fed-district/khabarovsk": 376,
  "russia/far-eastern-fed-district/magadan": 377,
  "russia/far-eastern-fed-district/primorsky": 378,
  "russia/far-eastern-fed-district/sakha": 379,
  "russia/far-eastern-fed-district/sakhalin": 380,
  "russia/north-caucasus-fed-district": 381,
  "russia/north-caucasus-fed-district/alania": 382,
  "russia/north-caucasus-fed-district/chechen": 383,
  "russia/north-caucasus-fed-district/dagestan": 384,
  "russia/north-caucasus-fed-district/ingushetia": 385,
  "russia/north-caucasus-fed-district/kabardino-balkar": 386,
  "russia/north-caucasus-fed-district/karachay-cherkess": 387,
  "russia/north-caucasus-fed-district/stavropol": 388,
  "russia/northwestern-fed-district": 389,
  "russia/northwestern-fed-district/arkhangelsk": 390,
  "russia/northwestern-fed-district/kaliningrad": 391,
  "russia/northwestern-fed-district/karelia": 392,
  "russia/northwestern-fed-district/komi": 393,
  "russia/northwestern-fed-district/leningrad": 394,
  "russia/northwestern-fed-district/murmansk": 395,
  "russia/northwestern-fed-district/nenets": 396,
  "russia/northwestern-fed-district/novgorod": 397,
  "russia/northwestern-fed-district/pskov": 398,
  "russia/northwestern-fed-district/st-petersburg": 399,
  "russia/siberian-fed-district": 400,
  "russia/siberian-fed-district/altai": 401,
  "russia/siberian-fed-district/altai-rep": 402,
  "russia/siberian-fed-district/buryatia": 403,
  "russia/siberian-fed-district/irkutsk": 404,
  "russia/siberian-fed-district/kemerovo": 405,
  "russia/siberian-fed-district/khakassia": 406,
  "russia/siberian-fed-district/krasnoyarsk": 407,
  "russia/siberian-fed-district/novosibirsk": 408,
  "russia/siberian-fed-district/omsk": 409,
  "russia/siberian-fed-district/tomsk": 410,
  "russia/siberian-fed-district/tuva": 411,
  "russia/south-fed-district": 412,
  "russia/south-fed-district/adygea": 413,
  "russia/south-fed-district/astrakhan": 414,
  "russia/south-fed-district/kalmykia": 415,
  "russia/south-fed-district/krasnodar": 416,
  "russia/south-fed-district/rostov": 417,
  "russia/south-fed-district/sevastopol": 418,
  "russia/south-fed-district/volgograd": 419,
  "russia/ural-fed-district": 420,
  "russia/ural-fed-district/chelyabinsk": 421,
  "russia/ural-fed-district/kurgan": 422,
  "russia/ural-fed-district/sverdlovsk": 423,
  "russia/ural-fed-district/tyumen": 424,
  "russia/ural-fed-district/yamalo-nenets": 425,
  "russia/ural-fed-district/yugra": 426,
  "russia/volga-fed-district": 427,
  "russia/volga-fed-district/bashkortostan": 428,
  "russia/volga-fed-district/chuvash": 429,
  "russia/volga-fed-district/kirov": 430,
  "russia/volga-fed-district/mari-el": 431,
  "russia/volga-fed-district/mordovia": 432,
  "russia/volga-fed-district/n-novgorod": 433,
  "russia/volga-fed-district/orenburg": 434,
  "russia/volga-fed-district/penza": 435,
  "russia/volga-fed-district/perm": 436,
  "russia/volga-fed-district/samara": 437,
  "russia/volga-fed-district/saratov": 438,
  "russia/volga-fed-district/tatarstan": 439,
  "russia/volga-fed-district/udmurt": 440,
  "russia/volga-fed-district/ulyanovsk": 441,
  "south-america": 442,
  "south-america/argentina": 443,
  "south-america/bolivia": 444,
  "south-america/brazil": 445,
  "south-america/chile": 446,
  "south-america/colombia": 447,
  "south-america/ecuador": 448,
  "south-america/paraguay": 449,
  "south-america/peru": 450,
  "south-america/suriname": 451,
  "south-america/uruguay": 452
}
